First Last,First,Last,Company,Domain
Paul Nett,Paul,Nett,Bing Surfboards,www.bingsurf.com
Justin Thomas Quinn,Justin,Quinn,"NaturalForce Nutrition, Inc.",www.naturalforce.com
Ryan Ragsdale,Ryan,Ragsdale,"Supplement Giant, Inc.",www.supplementgiant.com
Ray Delmuro,Ray,Delmuro,"Refresh Glass, LLC",www.refreshglass.com
Spiro Alafassos,Spiro,Alafassos,PlayBetter.com,www.playbetter.com
Romney Williams,Romney,Williams,Enso Rings,www.ensorings.com
Kc Gager,Kc,Gager,BRG Racing,www.brgracing.com
Catherine Albertson,Catherine,Albertson,Road Id,www.roadid.com
Christine Lantinen,Christine,Lantinen,Maud Borup Inc,www.maudborup.com
Nicholai Eugene Jablokov,Nicholai,Jablokov,Good State Inc.,www.goodstate.com
Bree Johnson,Bree,Johnson,frank body,www.frankbody.com
Frances Gravely,Frances,Gravely,"Vietri, Inc.",www.vietri.com
Jerry Lin,Jerry,Lin,"Helix Sleep, Inc.",www.helixsleep.com
John Hanesworth,John,Hanesworth,Big Grass Inc.,www.biggrassliving.com
Bobby Edwards,Bobby,Edwards,"Squatty Potty, LLC",www.squattypotty.com
Whitney Slack Lichfield,Whitney,Lichfield,Barrel Co,www.stockandbarrelco.com
Chris Nianouris,Chris,Nianouris,Sign Imports,www.signimports.com
Chuck Bowen,Chuck,Bowen,Mission Mercantile,www.missionmercantile.com
Lea Richards,Lea,Richards,Pig of the Month BBQ,www.pigofthemonth.com
Adam Bateman,,,RJ Star/Wizards Products,www.wizardsproducts.com
