First Last,First,Last,Company,Domain
Pia Rappaport,Pia,Rappaport,Pillowpia,www.pillowpia.com
Len Ciarrocchi,Len,Ciarrocchi,Municipal Supply & Sign Company,www.municipalsigns.com
Madeline Alcott,Madeline,Alcott,Petit Vour,www.petitvour.com
Susanne Alexander,Susanne,Alexander,Goose Lane Editions,www.gooselane.com
Kristin Herrmann,Kristin,Herrmann,Harvest Natural Beauty,www.harvestnaturalbeauty.com
Tricia Benitez,Tricia,Benitez,Asmbly Hall,www.asmblyhall.com
Mattias Lepp,Mattias,Lepp,Click & Grow LLC,www.clickandgrow.com
Calla Jayne H Kleene,Calla,Kleene,Well Labs,www.mywelllabs.com
Michelle Haas,Michelle,Haas,"Gold Crest, Llc",www.mightybright.com
Ryan Harvey,Ryan,Harvey,Barebones Ventures LLC,www.barebonesbroth.com
William Gastle,William,Gastle,Microbix Biosystems Inc,www.microbix.com
Georgina Austin,Georgina,Austin,Cable Melbourne,www.cablemelbourne.com
Rea Ann Silva,Rea,Silva,"Rea.deeming Beauty, Inc.",www.beautyblender.com
Nick Filippides,Nick,Filippides,American Racing Headers,www.americanracingheaders.com
Andrea Craig,Andrea,Craig,Whitehaven Wine Company,www.whitehaven.co.nz
Coeli Hilferty,Coeli,Hilferty,Pilot and Powell,www.pilotandpowell.com
Kim Redeker,Kim,Redeker,"The Sweet Granada, Llc",www.sweetgranada.com
Dee Blank,Dee,Blank,Coton Colors,www.coton-colors.com
Jeff Arcari,Jeff,Arcari,Landry & Arcari Oriental Rugs & Carpeting,www.landryandarcari.com
Scott Paladini,,,Bear Mattress,www.bearmattress.com
