First Last,First,Last,Company,Domain
Dorothy Munduruca,Dorothy,Munduruca,FightersMarket.com,www.fightersmarket.com
Pete Williams,Pete,Williams,AtmosFX,www.atmosfx.com
Mary Brainerd,Mary,Brainerd,Golden Music,www.goldenmusic.co
Danielle Sutton,Danielle,Sutton,"St. James Cheese Company, Llc",www.stjamescheese.com
Jessica Sturzenegger,Jessica,Sturzenegger,Amara Organic Foods,www.amaraorganicfoods.com
Lynette Damir,Lynette,Damir,"SwaddleDesigns, LLC",www.swaddledesigns.com
Neeta Rajendran,Neeta,Rajendran,Sakhi- By Chandras,www.sakhifashions.com
Eric Anas,Eric,Anas,Double Tap Military Surplus,www.doubletapsurplus.com
Darko Arandjelovic,Darko,Arandjelovic,Metric Coffee Co.,www.metriccoffee.com
Tobias Ekman,Tobias,Ekman,Happy Plugs,www.happyplugs.com
Patrick Lessard,Patrick,Lessard,Calimacil - Probotik inc,www.calimacil.com
Whitney Tingle,Whitney,Tingle,"Sakara Life, Inc.",www.sakaralife.com
Sean Panton,Sean,Panton,Vitruvi,www.vitruvi.com
Camille Moyer,Camille,Moyer,Lenny & Larry's,www.lennylarry.com
Julian Bedel,Julian,Bedel,Fueguia 1833,www.fueguia.com
Jo Naughton,Jo,Naughton,Lights4fun,www.lights4fun.co.uk
Edouard Fonkenell,Edouard,Fonkenell,Lineberty,www.lineberty.com
Will Greig,Will,Greig,Pipers Farm,www.pipersfarm.com
Dominik Guber,Dominik,Guber,Customized Drinks GmbH,www.braufaesschen.com
Michael Whiteley,,,Bear Butt,www.bearbuttteam.com
