First Last,First,Last,Company,Domain
Brent Weiss,Brent,Weiss,Uncle Dan's Ltd,www.udans.com
Kim Ormsby,Kim,Ormsby,"The Natural Baby Company, LLC",www.thenaturalbabyco.com
Linda Jane Lizotte,Linda,Lizotte,AMG Naturally,www.amgnaturally.com
Jessica Legge,Jessica,Legge,"Sifted, LLC",www.sifted.co
Ashok Dias,Ashok,Dias,Tea Drop P/L,www.teadrop.com.au
Stirrings Simply Better Cocktails,Stirrings,Cocktails,"Stirrings, LLC",www.stirrings.com
Erin Ozer,Erin,Ozer,Knot & Bow,www.knotandbow.com
Joseph Carlo Villegas,Joseph,Villegas,Toronto Popcorn Company,www.torontopopcorncompany.com
Steve Nelson,Steve,Nelson,"Zamp Solar, LLC",www.zampsolar.com
Neil Madden,Neil,Madden,ECS Coffee Inc,www.ecscoffee.com
Samantha Abrams,Samantha,Abrams,"Emmy's Organics, Inc.",www.emmysorganics.com
Justin Rhodes,Justin,Rhodes,Elliot Rhodes,www.elliotrhodes.com
Christina Zilber,Christina,Zilber,Jouer Cosmetics,www.jouercosmetics.com
Lee Griffiths,Lee,Griffiths,Ionflight,www.ionflight.com
Scott Tannen,Scott,Tannen,Boll & Branch LLC,www.bollandbranch.com
Renzo Contreras,Renzo,Contreras,Kosmos Peru,www.kosmosperu.com
Dave Douglas,Dave,Douglas,Second Story Interiors,www.secondstoryinteriors.com
Nicole Authier,Nicole,Authier,Mytagalongs,www.mytagalongs.com
Mark Walton,Mark,Walton,"VOYA, luxury organic beauty",www.voya.ie
Robin Mcroskey Azevedo,,,Mcroskey Mattress Company,www.mcroskey.com
