First Last,First,Last,Company,Domain
Doug Murdoch,Doug,Murdoch,"Think Tank Photo, Inc",www.thinktankphoto.com
Tanya Franco,Tanya,Franco,Via Strozzi,www.viastrozzi.com
Jonathan Edwards,Jonathan,Edwards,Nuzest USA,www.nuzest-usa.com
Jenny Marino,Jenny,Marino,"Angelic Bakehouse, Inc.",www.angelicbakehouse.com
J M Lortie,J,Lortie,Green Beaver Company Ltd.,www.greenbeaver.com
Taylor Minor,Taylor,Minor,Third Wave Water,www.thirdwavewater.com
Alex Whitmore,Alex,Whitmore,Taza Chocolate,www.tazachocolate.com
Will Ahmed,Will,Ahmed,"Whoop, Inc.",www.whoop.com
Peter Mann,Peter,Mann,Oransi,www.oransi.com
Sunny Chadha,Sunny,Chadha,Venus Et Fleur,www.venusetfleur.com
Shelley Boyd,Shelley,Boyd,Boyd Blue,www.boydblue.com
Ryan Carlson,Ryan,Carlson,Twin Six,www.twinsix.com
Alexis Molina,Alexis,Molina,Algenist,www.algenist.com
Grace Kang,Grace,Kang,Pink Olive,www.pinkolive.com
Monique Ethelston,Monique,Ethelston,red espresso®,www.redespresso.com
Jonathan Rudner,Jonathan,Rudner,"Ampro Industries, Inc.",www.amprogel.com
Peggy Lu,Peggy,Lu,The Sill,www.thesill.com
Gabriel Porteny,Gabriel,Porteny,Croquetero.com,www.croquetero.com
Stacey Davis,Stacey,Davis,Lovefresh,www.lovefresh.com
Alanna York,,,Controlled Chaos,www.controlledchaoshair.com
