First Last,First,Last,Company,Domain
Maurice Stein,Maurice,Stein,"Cinema Secrets, Inc.",www.cinemasecrets.com
Peter Soli,Peter,Soli,Youngblood Mineral Cosmetics,www.ybskin.com
Colin Walsh,Colin,Walsh,OUAI Haircare,www.theouai.com
Amy Dolan,Amy,Dolan,Noteworthy Paper & Press,www.noteworthystore.com
Judy Wang,Judy,Wang,Blue Clover Devices - THE IoT ODM.,www.bcdevices.com
Cailley Tonn,Cailley,Tonn,FlasKap,www.flaskap.com
Jackie Shapiro,Jackie,Shapiro,French Bull,www.frenchbull.com
Jason Abbott,Jason,Abbott,Vanessa Australia,www.vanessaaustralia.com.au
Elli Choi,Elli,Choi,"Cestusline, Inc.",www.cestusline.com
Dean Pearson,Dean,Pearson,Pangaea Laboratories,www.pangaea.co.uk
Felix Leonhardt,Felix,Leonhardt,purefood GmbH,www.lycka.bio
Lisa Berman,Lisa,Berman,"Jimmyjane, Inc.",www.jimmyjane.com
Bryan Maletis,Bryan,Maletis,Fat Cork,www.fatcork.com
Christina Dove,Christina,Dove,Newfoundland Chocolate Company,www.newfoundlandchocolatecompany.com
Gary David Flynn,Gary,Flynn,"M. Dumas & Sons, Inc.",www.mdumasandsons.com
Kipling Hammitt,Kipling,Hammitt,Hammitt,www.hammitt.com
Ashlei Jachimowicz,Ashlei,Jachimowicz,Hamburg Brewing Company Llc,www.hamburgbrewing.com
Richard Dustin,Richard,Dustin,Kincaid's Is Music,www.kincaidsmusic.com
Craig Kohrs,Craig,Kohrs,CORSA Performance Exhausts,www.corsaperformance.com
Ernie Tai,,,"LW Scientific, Inc.",www.lwscientific.com
