First Last,First,Last,Company,Domain
Randy Boone,Randy,Boone,CarePoint Resources | Emergency Response Solutions,www.carepointresources.com
Stu Barwick,Stu,Barwick,Modular Robotics LLC,www.modrobotics.com
Matt Stillman,Matt,Stillman,Rome Snowboards Corporation,www.romesnowboards.com
Jenni Harris,Jenni,Harris,"White Oak Pastures, Inc.",www.whiteoakpastures.com
Seth Haber,Seth,Haber,Trek Light Gear,www.treklightgear.com
Steve Schwartz,Steve,Schwartz,Art of Tea,www.artoftea.com
Joe Dinoffer,Joe,Dinoffer,"Oncourt Offcourt, Ltd",www.oncourtoffcourt.com
Sankar Thiagasamudram,Sankar,Thiagasamudram,Audeze LLC,www.audeze.com
Jess Hatzis,Jess,Hatzis,frank body,www.frankbody.com
Brent Mellow,Brent,Mellow,"2 Admins in the Cloud, LLC",www.akacrm.com
Michael Moor,Michael,Moor,Foods Alive,www.foodsalive.com
Pat Ford,Pat,Ford,Beehive Cheese Company Llc,www.beehivecheese.com
Athena Uslander,Athena,Uslander,Silverland Bakery,www.silverlandbakery.com
Andrea Evans,Andrea,Evans,Apple Yarns,www.appleyarns.com
Hal Cato,Hal,Cato,Thistle Farms Inc,www.thistlefarms.org
Jerad Brice Morrison,Jerad,Morrison,"Sightglass Coffee Roasters, LLC",www.sightglasscoffee.com
Connor Young,Connor,Young,Ample Foods Inc.,www.amplemeal.com
Bridget Noonan,Bridget,Noonan,First Lite Llc,www.firstlite.com
Mark Callison,Mark,Callison,Scent Fill,www.scentfill.com
Dina Lauro,,,Chunkie Dunkies,www.chunkiedunkies.com
