First Last,First,Last,Company,Domain
Geoff Hawksworth,Geoff,Hawksworth,Micro Kickboard,www.microkickboard.com
Claude Pope,Claude,Pope,Bald Head Blues,www.baldheadblues.com
Ross Creech,Ross,Creech,"United States Dressage Federation, Inc",www.usdf.org
Jeffrey Levin,Jeffrey,Levin,Poet and the Bench,www.poetandthebench.com
Meir Duke,Meir,Duke,"Bare Feet Shoes of PA, Inc.",www.barefeetshoes.com
Taylore Woods,Taylore,Woods,"Ashtae Products, Inc.",www.ashtae.com
Katherine Poythress Harvey,Katherine,Harvey,Barebones Ventures LLC,www.barebonesbroth.com
Alicia Pollak Russman,Alicia,Russman,Undeniable Boutique LLC,www.undeniableboutique.com
Ross Lohr,Ross,Lohr,Repat Inc,www.projectrepat.com
Tom Bahnsen,Tom,Bahnsen,Lather Inc.,www.lather.com
Matthew Flannery,Matthew,Flannery,SpongeBath LLC,www.spongebath.com
Jason Norman,Jason,Norman,"Niterider Technical Lighting & Video System, Inc",www.niterider.com
Sue Regan Reppen,Sue,Reppen,IAQ Living,www.iaqliving.com
Chad Brown,Chad,Brown,BM Foods,www.mediterranean.co.za
Hagop Kouyoumjian,Hagop,Kouyoumjian,"Absolute Toy Marketing, Inc.",www.hobbytron.com
Julie Sautter,Julie,Sautter,Califia Farms LP,www.califiafarms.com
James Elias,James,Elias,First Press Coffee,www.firstpresscoffee.com
Karen Evans John,Karen,John,Kee Auto Top Manufacturing Co.,www.keeautotop.com
Travis Lenander,Travis,Lenander,"CO2Meter, Inc.",www.co2meter.com
Anthony Lahout,,,Lahout’s Country Clothing & Ski Shop,www.lahouts.com
