First Last,First,Last,Company,Domain
Travis Blackburn,Travis,Blackburn,"weBoost, LLC",www.weboost.com
Eliza Becton,Eliza,Becton,"Hydration Labs, Inc.",www.bevi.co
Andrew Lissimore,Andrew,Lissimore,headphones.com,www.headphones.com
Chad Schley,Chad,Schley,"Schley Products, Inc",www.sptool.com
Danny Stein,Danny,Stein,"Cinema Secrets, Inc.",www.cinemasecrets.com
Olivia Walder Smith,Olivia,Smith,The Games Room Company,www.gamesroomcompany.com
Ian Douglas Macgregor,Ian,Macgregor,Skratch Labs,www.skratchlabs.com
May Lindstrom,May,Lindstrom,"May Lindstrom Skin, Llc",www.maylindstrom.com
James Aiken,James,Aiken,Micromed Diamond Seal Systems Llc,www.diamondsealsystems.com
Adam Francis,Adam,Francis,"Sun Bum, Llc",www.trustthebum.com
Kellie Cuttrell,Kellie,Cuttrell,"Sun Bum, Llc",www.trustthebum.com
Darcey Howard,Darcey,Howard,"Bliss Unlimited, LLC",www.coconutbliss.com
Lance Lehman,Lance,Lehman,Lighting for Impact,www.lightingforimpact.com
Carole Baskin,Carole,Baskin,Big Cat Rescue Corp,www.bigcatrescue.org
Lauren Ashley Wennell,Lauren,Wennell,"Pearhead, Inc",www.pearhead.com
Curt Colter,Curt,Colter,Oreck Clean Home Center,www.oreck.com
Stephanie Larason,Stephanie,Larason,Taza Chocolate,www.tazachocolate.com
Sagan Schultz,Sagan,Schultz,WellWell,www.drinkwellwell.com
Fergus Hernandez,Fergus,Hernandez,Besame Cosmetics,www.besamecosmetics.com
Chet Sikorski,,,Turtleson,www.turtleson.com
