First Last,First,Last,Company,Domain
Tim Prager,Tim,Prager,Freeland Foods | Go Raw,www.goraw.com
Mason Strehl,Mason,Strehl,Zenbivy Llc,www.zenbivy.com
Ph.D Brett Wingeier,Ph.D,Wingeier,Halo Neuro Inc.,www.haloneuro.com
Gwen Gove,Gwen,Gove,SaltWater Brewery,www.saltwaterbrewery.com
Dale Lawrence Benedict,Dale,Benedict,"Bio Tech Pharmacal, Inc",www.biotechpharmacal.com
Kevin Miller,Kevin,Miller,"LegalSifter, Inc.",www.legalsifter.com
Takara Fuller,Takara,Fuller,"Paleo On The Go, LLC",www.paleoonthego.com
Ali Haghjoo,Ali,Haghjoo,Hall Research Technologies,www.hallresearch.com
