First Last,First,Last,Company,Domain
Michael Austin,Michael,Austin,Nw Rugs & Furniture,www.nwrugs.com
Keeley Tillotson,Keeley,Tillotson,Wild Friends Foods,www.wildfriendsfoods.com
George Quraishi,George,Quraishi,Howler Magazine,www.howlermagazine.com
James Kennedy,James,Kennedy,Apothecanna,www.apothecanna.com
Mike Radenbaugh,Mike,Radenbaugh,Rad Power Bikes,www.radpowerbikes.com
Kevin Mccarthy,Kevin,Mccarthy,"Unreal Brands, Inc.",www.getunreal.com
Christopher Williams,Christopher,Williams,Cloud City Drones,www.cloudcitydrones.com
Fernando Javier Salas,Fernando,Salas,"Joe Wells Enterprises, Inc.",www.maxmuscle.com
Jesse Powell,Jesse,Powell,"Payward, Inc.",www.kraken.com
Chris Vaccarino,Chris,Vaccarino,Fanjoy,www.fanjoy.co
Eli Gurock,Eli,Gurock,"Magic Beans, LLC",www.mbeans.com
Brian Rudolph,Brian,Rudolph,Banza LLC,www.eatbanza.com
Jeremy Jauncey,Jeremy,Jauncey,Beautiful Destinations,www.beautifuldestinations.com
Dana Loia,Dana,Loia,Dana's Bakery,www.danasbakery.com
Aurelian Nicolae,Aurelian,Nicolae,"Whoop, Inc.",www.whoop.com
Will Harcourt Haughey,Will,Haughey,"TEGU, Inc.",www.tegu.com
Brandy Jans,Brandy,Jans,Boo-Boo Cover-Up,www.booboocoverup.com
Parker Lichfield,Parker,Lichfield,Barrel Co,www.stockandbarrelco.com
Emily Tam,Emily,Tam,"Kammok Gear, LLC",www.kammok.com
Jarred Smith,,,Non Acidic Beverages LLC,www.drinknooma.com
